id,produto,quantidade,preço,data
1,O Exorcista (DVD),10,29.90,21/04/2024
2,Psicose (Blu-ray),8,49.90,22/04/2024
3,It: A Coisa (DVD),15,34.90,23/04/2024
4,Hereditário (Blu-ray),7,54.90,24/04/2024
5,O Iluminado (DVD),12,39.90,25/04/2024
6,Corrente do Mal (Blu-ray),6,44.90,26/04/2024
7,Invocação do Mal (DVD),14,29.90,27/04/2024
8,A Bruxa (Blu-ray),9,59.90,28/04/2024
9,Atividade Paranormal (DVD),11,24.90,29/04/2024
10,A Noite dos Mortos-Vivos (Blu-ray),5,49.90,30/04/2024
11,Poltergeist (DVD),13,34.90,01/05/2024
12,O Chamado (Blu-ray),7,39.90,02/05/2024
13,O Babadook (DVD),16,29.90,03/05/2024
14,Silêncio dos Inocentes (Blu-ray),8,44.90,04/05/2024
15,Midsommar (DVD),10,34.90,05/05/2024
