id,produto,quantidade,preço,data
1,smartphone,2,1999.90,01/04/2024
2,notebook,5,3499.00,02/04/2024
3,tablet,3,1500.00,03/04/2024
4,monitor 4K,20,999.00,04/04/2024
5,impressora 3D,8,2500.00,05/04/2024
6,câmera DSLR,7,4000.00,06/04/2024
7,drone,6,2300.00,07/04/2024
8,smartwatch,4,1200.00,08/04/2024
9,óculos VR,12,899.00,09/04/2024
10,aspirador robô,2,1500.00,10/04/2024
11,caixa de ferramentas,9,300.00,11/04/2024
12,ventilador de teto,15,500.00,12/04/2024
13,televisão OLED 55",18,5500.00,13/04/2024
14,grelha elétrica,30,299.00,14/04/2024
15,geladeira inverter,25,3500.00,15/04/2024
16,máquina de lavar,10,2200.00,16/04/2024
17,micro-ondas,12,800.00,17/04/2024
18,cafeteira automática,8,1200.00,18/04/2024
19,fogão de indução,6,1800.00,19/04/2024
20,frigobar,4,900.00,20/04/2024
